,Electricity:Facility [kW](Hourly),Heating:Electricity [kW](Hourly),Cooling:Electricity [kW](Hourly),HVACFan:Fans:Electricity [kW](Hourly),Electricity:HVAC [kW](Hourly),Fans:Electricity [kW](Hourly),General:InteriorLights:Electricity [kW](Hourly),General:ExteriorLights:Electricity [kW](Hourly),Appl:InteriorEquipment:Electricity [kW](Hourly),Misc:InteriorEquipment:Electricity [kW](Hourly),Water Heater:WaterSystems:Electricity [kW](Hourly) ,dateHour,W_min_kW_hourly_Electricity,total_hourly_Electricity
0,1.47942555725,0.0,0.3475187384,0.10000718114900001,0.44752591954800003,0.10000718114900001,0.047162941267099995,0.0101601501881,0.36061507566,0.272321956112,0.32499551447700004,2013-06-07 11:00:00,57.38894338153,60.8786835967302
1,1.55973309546,0.0,0.454263011682,0.130764008167,0.585027019849,0.130764008167,0.047162941267099995,0.0101601501881,0.350008238641,0.267734603099,0.282996142414,2013-06-07 12:00:00,27.2279613177,31.0465745366342
2,1.7028354353200001,0.0,0.6038764219489999,0.169912475776,0.7737888977249999,0.169912475776,0.047162941267099995,0.0101601501881,0.319023623067,0.276992715543,0.259063107528,2013-06-07 13:00:00,111.476298141,115.8090263851392
3,1.85909389716,0.0,0.752178553905,0.211629442809,0.963807996713,0.211629442809,0.047162941267099995,0.0101601501881,0.294229243714,0.292589715786,0.234499849494,2013-06-07 14:00:00,109.02196042,113.8989416538452
4,2.10062901075,0.0,0.9215790290260001,0.253177279332,1.1747563083600001,0.253177279332,0.05030713788269999,0.010837493533999999,0.301025880583,0.30885396737599996,0.23820422301999997,2013-06-07 15:00:00,5.773963306140001,11.386510915335702
5,2.36274958714,0.0,1.02656627541,0.282008305106,1.30857458051,0.282008305106,0.05030713788269999,0.010837493533999999,0.34261694473000004,0.36532011263999997,0.26844931784299997,2013-06-07 16:00:00,1.61919330195,7.918631361851701
6,2.49497774149,0.0,0.928461340512,0.27618212059700004,1.20464346111,0.27618212059700004,0.0628839163785,0.0135468669175,0.41894745864200006,0.443805552365,0.334506486083,2013-06-07 17:00:00,12.081027431050002,18.535164495742002
7,2.52114046031,0.0,0.839623625723,0.251927654358,1.0915512800799998,0.251927654358,0.10061427576500001,0.021674983635599998,0.382083699719,0.48183887916,0.396733341951,2013-06-07 18:00:00,25.478736438909994,31.817852293969594
8,2.32000372343,0.0,0.645295044148,0.20117417121700001,0.8464692153650001,0.20117417121700001,0.19494017423300003,0.0419952840119,0.314732295471,0.497352472985,0.40787028136500003,2013-06-07 19:00:00,11.360620515629996,17.031627349072895
9,2.27575655392,0.0,0.507055845263,0.16055451670499998,0.667610361967,0.16055451670499998,0.34900577653000003,0.075185118257,0.281807004861,0.514450788759,0.37105350354999994,2013-06-07 20:00:00,1.05454081887,6.417574805387
10,1.41221925731,0.0,0.261263825512,0.0776309611179,0.33889478663,0.0776309611179,0.05030713788269999,0.010837493533999999,0.34638007307199997,0.27223854969300004,0.376917216495,2013-06-08 10:00:00,54.240432762,57.4647530243645
11,1.47645875954,0.0,0.345613521076,0.10059850332699999,0.446212024403,0.10059850332699999,0.047162941267099995,0.0101601501881,0.36061507566,0.272321956112,0.323342611913,2013-06-08 11:00:00,105.12587165100003,108.60895569781323
12,1.63495783651,0.0,0.519103667075,0.142568768211,0.661672435286,0.142568768211,0.047162941267099995,0.0101601501881,0.350008238641,0.267734603099,0.281575468027,2013-06-08 12:00:00,24.332632593,28.3901454695152
13,1.78915662157,0.0,0.6776665794140001,0.183716945385,0.861383524798,0.183716945385,0.047162941267099995,0.0101601501881,0.319023623067,0.276992715543,0.25778966671,2013-06-08 13:00:00,90.37189209099999,94.97866180432719
14,1.7703650595500002,0.0,0.548427765345,0.15053808268,0.698965848025,0.15053808268,0.05030713788269999,0.010837493533999999,0.34638007307199997,0.27223854969300004,0.37499195734499996,2013-06-09 10:00:00,36.10690033590001,40.48049038570671
15,1.8811681462799998,0.0,0.6742447875550001,0.17830810985999998,0.8525528974150001,0.17830810985999998,0.047162941267099995,0.0101601501881,0.36061507566,0.272321956112,0.321711125639,2013-06-09 11:00:00,108.994766329,113.7713196288362
16,2.02461451736,0.0,0.8344973560160001,0.218234178369,1.05273153438,0.218234178369,0.047162941267099995,0.0101601501881,0.350008238641,0.267734603099,0.280173049779,2013-06-09 12:00:00,90.980249537,96.2838002844682
17,1.36279265512,0.0,0.158629126788,0.0475531714451,0.206182298233,0.0475531714451,0.05030713788269999,0.010837493533999999,0.397296302362,0.27223854969300004,0.409286873416,2013-06-10 10:00:00,38.0571751521,41.0198519320189
18,1.42705334456,0.0,0.246743720231,0.0709272730713,0.317670993302,0.0709272730713,0.047162941267099995,0.0101601501881,0.41310383517899996,0.272321956112,0.34998946851499996,2013-06-10 11:00:00,114.51378847199999,117.7398494274968
19,1.4591878858399998,0.0,0.322353000106,0.0926939578988,0.41504695800499997,0.0926939578988,0.047162941267099995,0.0101601501881,0.397818744732,0.267734603099,0.304620488552,2013-06-10 12:00:00,109.91690365599999,113.32637634358679
20,1.6031198979499999,0.0,0.478693641767,0.133154516419,0.611848158187,0.133154516419,0.047162941267099995,0.0101601501881,0.36261165558200004,0.276992715543,0.27770027718699997,2013-06-10 13:00:00,86.743821132,90.6784196025092
21,1.47114604146,0.0,0.330399344054,0.0981360069567,0.428535351011,0.0981360069567,0.047162941267099995,0.0101601501881,0.397818744732,0.267734603099,0.30309025116599997,2013-06-11 12:00:00,86.16338587420002,89.61570531509062
22,1.48759703383,0.0,0.38101103331200004,0.11668135636499999,0.49769238967600005,0.11668135636499999,0.047162941267099995,0.0101601501881,0.36261165558200004,0.276992715543,0.276333181575,2013-06-11 13:00:00,54.312594848,57.8855186617032
23,1.6166032475999998,0.0,0.462767173424,0.1299913314,0.592758504824,0.1299913314,0.047162941267099995,0.0101601501881,0.36061507566,0.272321956112,0.316940619545,2013-06-12 11:00:00,38.665765937100005,42.6050782685202
24,1.70737611729,0.0,0.577385456218,0.162208235029,0.7395936912469999,0.162208235029,0.047162941267099995,0.0101601501881,0.350008238641,0.267734603099,0.276072492853,2013-06-12 12:00:00,107.84580674199998,112.14571690286118
25,1.8777812581599997,0.0,0.749326122441,0.20561495789099998,0.954941080332,0.20561495789099998,0.047162941267099995,0.0101601501881,0.319023623067,0.276992715543,0.252856747767,2013-06-12 13:00:00,93.619473391,98.5189479455472
26,1.46132747982,0.0,0.308759871508,0.08862142972039999,0.39738130122800003,0.08862142972039999,0.05030713788269999,0.010837493533999999,0.34638007307199997,0.27223854969300004,0.36753892441299996,2013-06-13 10:00:00,34.7677321593,38.1597458498915
27,1.5263990628100002,0.0,0.392544245838,0.111556263562,0.5041005094,0.111556263562,0.047162941267099995,0.0101601501881,0.36061507566,0.272321956112,0.315394430185,2013-06-13 11:00:00,109.14800926,112.7998201585842
28,1.5923173418099998,0.0,0.486246903901,0.13961710209699998,0.625864005998,0.13961710209699998,0.047162941267099995,0.0101601501881,0.350008238641,0.267734603099,0.27474340261700003,2013-06-13 12:00:00,85.983772295,89.9172440867152
29,0.521713720598,0.0,0.0,0.0,0.0,0.0,0.059739719762900004,0.0128695235716,0.0735359875481,0.269819763559,0.0891047261554,2013-06-14 04:00:00,44.7521995539,45.778982995095
30,0.690132011587,0.0,0.0,0.0,0.0,0.0,0.0628839163785,0.0135468669175,0.0853631352956,0.301097170464,0.210596922532,2013-06-14 05:00:00,5.508779065999999,6.872399089174599
31,1.55638696284,0.0,0.418206689842,0.11740465469599999,0.535611344538,0.11740465469599999,0.047162941267099995,0.0101601501881,0.36061507566,0.272321956112,0.313871495074,2013-06-14 11:00:00,66.00519980669999,69.75434573161318
32,1.6485725840399998,0.0,0.534831851022,0.148596405933,0.6834282569560001,0.148596405933,0.047162941267099995,0.0101601501881,0.350008238641,0.267734603099,0.273434393888,2013-06-14 12:00:00,97.773056164,101.8855819949672
33,1.75555525535,0.0,0.653494001078,0.181585937594,0.835079938673,0.181585937594,0.047162941267099995,0.0101601501881,0.319023623067,0.276992715543,0.250491886613,2013-06-14 13:00:00,20.99739483,25.508527216967202
34,1.83837265107,0.0,0.688148560229,0.186368476439,0.8745170366670001,0.186368476439,0.047162941267099995,0.0101601501881,0.350008238641,0.267734603099,0.272145681205,2013-06-15 12:00:00,49.0204238523,53.7414106675442
35,1.8596945874900002,0.0,0.734132972771,0.206242173031,0.940375145802,0.206242173031,0.047162941267099995,0.0101601501881,0.319023623067,0.276992715543,0.24933601162799998,2013-06-15 13:00:00,35.795837329,40.6451998228182
36,1.48727551136,0.0,0.352163685638,0.10122495147399999,0.453388637112,0.10122495147399999,0.047162941267099995,0.0101601501881,0.397818744732,0.267734603099,0.29436643496,2013-06-17 12:00:00,30.659531211300006,34.1720518226042
37,1.58817126491,0.0,0.47179809651,0.134262049448,0.6060601459570001,0.134262049448,0.047162941267099995,0.0101601501881,0.36261165558200004,0.276992715543,0.268539656373,2013-06-17 13:00:00,35.924455114999994,39.82447584022619
38,1.57098736201,0.0,0.369894454718,0.105218385742,0.47511284046,0.105218385742,0.047162941267099995,0.0101601501881,0.41310383517899996,0.272321956112,0.33648163880500004,2013-06-18 11:00:00,23.917892867200003,27.6235548174232
39,1.66291243498,0.0,0.493264268108,0.13713458709100002,0.630398855199,0.13713458709100002,0.047162941267099995,0.0101601501881,0.397818744732,0.267734603099,0.292993140491,2013-06-18 12:00:00,70.0386467507,74.11536106294619
40,1.7566219741999998,0.0,0.606971762212,0.16876595016100002,0.7757377123739999,0.16876595016100002,0.047162941267099995,0.0101601501881,0.36261165558200004,0.276992715543,0.267312799245,2013-06-18 13:00:00,4.828343311,9.2694469219332
41,1.4933723980000002,0.0,0.415212409274,0.11925430899700001,0.534466718271,0.11925430899700001,0.047162941267099995,0.0101601501881,0.350008238641,0.267734603099,0.26719574652899997,2013-06-19 12:00:00,81.77250656199999,85.39632838526319
42,1.6009006073899998,0.0,0.534151444309,0.151866148771,0.68601759308,0.151866148771,0.047162941267099995,0.0101601501881,0.319023623067,0.276992715543,0.24489958425,2013-06-19 13:00:00,50.0374956818,54.060536638436204
43,1.6381408991600002,0.0,0.48989665139,0.13610310438200002,0.6259997557720001,0.13610310438200002,0.047162941267099995,0.0101601501881,0.36061507566,0.272321956112,0.305237020164,2013-06-20 11:00:00,54.7331477227,58.754888381177196
44,1.73850151866,0.0,0.6127139129720001,0.168065061005,0.780778973977,0.168065061005,0.047162941267099995,0.0101601501881,0.350008238641,0.267734603099,0.26601261149,2013-06-20 12:00:00,103.15780761699999,107.56701068930418
45,1.8710524311599999,0.0,0.753287859543,0.20394211877,0.957229978313,0.20394211877,0.047162941267099995,0.0101601501881,0.319023623067,0.276992715543,0.24383902278499997,2013-06-20 13:00:00,62.563269309999995,67.4499022694062
46,1.73664289318,0.0,0.570580170121,0.15659739762299998,0.727177567744,0.15659739762299998,0.047162941267099995,0.0101601501881,0.36061507566,0.272321956112,0.302561202209,2013-06-22 11:00:00,59.614628802400006,63.9550455541272
47,1.8000116808400002,0.0,0.660819964181,0.18376914937,0.8445891135510001,0.18376914937,0.047162941267099995,0.0101601501881,0.350008238641,0.267734603099,0.263712634093,2013-06-22 12:00:00,108.75338233099998,113.36511995560018
48,1.92415414295,0.0,0.794331850708,0.21806149855999998,1.01239334927,0.21806149855999998,0.047162941267099995,0.0101601501881,0.319023623067,0.276992715543,0.241777363622,2013-06-22 13:00:00,18.669629442999998,23.7317485767352
49,1.5399068163799998,0.0,0.411951158039,0.119789177661,0.531740335699,0.119789177661,0.047162941267099995,0.0101601501881,0.36061507566,0.272321956112,0.30126235745,2013-06-23 11:00:00,83.307519774,87.0222189201172
50,1.5150734051899999,0.0,0.429320373423,0.131446779243,0.560767152666,0.131446779243,0.047162941267099995,0.0101601501881,0.350008238641,0.267734603099,0.262596319329,2013-06-23 12:00:00,110.45133605100001,114.15705279328921
51,1.57751789092,0.0,0.5140644138279999,0.152693859608,0.666758273436,0.152693859608,0.047162941267099995,0.0101601501881,0.319023623067,0.276992715543,0.240776187415,2013-06-23 13:00:00,10.679547412,14.637391326880199
52,1.24488628376,0.0,0.0870633450778,0.027773755424000002,0.11483710050200001,0.027773755424000002,0.05030713788269999,0.010837493533999999,0.397296302362,0.27223854969300004,0.38272569979099996,2013-06-24 10:00:00,11.3607457475,13.9764851709505
53,1.31669917766,0.0,0.17486314083700003,0.054934896333,0.22979803716999997,0.054934896333,0.047162941267099995,0.0101601501881,0.41310383517899996,0.272321956112,0.32750825774,2013-06-24 11:00:00,108.596475636,111.49796292481919
54,1.3265504552,0.0,0.229611472964,0.07214948088499999,0.301760953849,0.07214948088499999,0.047162941267099995,0.0101601501881,0.397818744732,0.267734603099,0.285269062061,2013-06-24 12:00:00,91.214723098,94.2250904431302
55,1.37989670315,0.0,0.223962815667,0.07042307472,0.29438589038699997,0.07042307472,0.047162941267099995,0.0101601501881,0.41310383517899996,0.272321956112,0.326117930014,2013-06-25 11:00:00,78.4444024068,81.55236077820419
56,1.37427711136,0.0,0.265795909462,0.08488918756330001,0.35068509702600004,0.08488918756330001,0.047162941267099995,0.0101601501881,0.397818744732,0.267734603099,0.284071575051,2013-06-25 12:00:00,87.010249433,90.1777339403118
57,1.4784099318000001,0.0,0.368068676647,0.105906489877,0.473975166524,0.105906489877,0.047162941267099995,0.0101601501881,0.36061507566,0.272321956112,0.29753064204999996,2013-06-26 11:00:00,60.338293699800005,63.8583512198022
58,1.6093772178999999,0.0,0.514943307818,0.14333523809,0.6582785459080001,0.14333523809,0.047162941267099995,0.0101601501881,0.350008238641,0.267734603099,0.259388738793,2013-06-26 12:00:00,88.355589279,92.3593134987942
59,1.6015759516499999,0.0,0.46229122565200004,0.136037738795,0.598328964447,0.136037738795,0.047162941267099995,0.0101601501881,0.36061507566,0.272321956112,0.296342863973,2013-06-27 11:00:00,6.0133956609000005,9.934270267439201
60,1.58615666029,0.0,0.48910096076399995,0.146978383719,0.636079344483,0.146978383719,0.047162941267099995,0.0101601501881,0.350008238641,0.267734603099,0.25836738261500003,2013-06-27 12:00:00,107.501968478,111.44069552678519
61,1.58688908334,0.0,0.521513779704,0.158406214996,0.679919994699,0.158406214996,0.047162941267099995,0.0101601501881,0.319023623067,0.276992715543,0.23698565857099999,2013-06-27 13:00:00,39.572939919,43.5684002953712
62,1.52271277361,0.0,0.40723680232299997,0.113388972742,0.520625775065,0.113388972742,0.047162941267099995,0.0101601501881,0.36061507566,0.272321956112,0.295182875315,2013-06-28 11:00:00,70.87418963969999,74.53698593472419
63,1.5889827788,0.0,0.49931464999700004,0.140587586445,0.639902236442,0.140587586445,0.047162941267099995,0.0101601501881,0.350008238641,0.267734603099,0.257370609162,2013-06-28 12:00:00,107.074512513,111.0163238934862
64,1.71875089083,0.0,0.635594400076,0.177080570651,0.812674970726,0.177080570651,0.047162941267099995,0.0101601501881,0.319023623067,0.276992715543,0.236092490042,2013-06-28 13:00:00,32.968266235,37.378879558041206
65,1.5112240682799998,0.0,0.36693513975500003,0.105525984521,0.47246112427599996,0.105525984521,0.05030713788269999,0.010837493533999999,0.34638007307199997,0.27223854969300004,0.34235568981700004,2013-06-29 10:00:00,1.430226164,5.0140174093517
66,1.53005909648,0.0,0.410866165086,0.118236858677,0.529103023763,0.118236858677,0.047162941267099995,0.0101601501881,0.36061507566,0.272321956112,0.29405194949499996,2013-06-29 11:00:00,110.08625197500001,113.77706605040521
67,1.56310862171,0.0,0.476224621997,0.138775572272,0.615000194268,0.138775572272,0.047162941267099995,0.0101601501881,0.350008238641,0.267734603099,0.256398494244,2013-06-29 12:00:00,107.58104324700001,111.44439225695821
68,1.4106837279299997,0.0,0.382962982064,0.12251677167300001,0.505479753737,0.12251677167300001,0.047162941267099995,0.0101601501881,0.319023623067,0.276992715543,0.235220544124,2013-06-29 13:00:00,5.225859944,8.6585799252662
69,1.3954737841,0.0,0.277274537251,0.08073636501550001,0.358010902267,0.08073636501550001,0.05030713788269999,0.010837493533999999,0.34638007307199997,0.27223854969300004,0.34105562764700004,2013-06-30 10:00:00,10.0965382294,13.3095890648777
70,1.4677958735299999,0.0,0.363333786947,0.10460805033399999,0.46794183728100003,0.10460805033399999,0.047162941267099995,0.0101601501881,0.36061507566,0.272321956112,0.292949913021,2013-06-30 11:00:00,113.00614628299999,116.4976439176742
71,1.6142704125999998,0.0,0.5217877839739999,0.145321297391,0.667109081365,0.145321297391,0.047162941267099995,0.0101601501881,0.350008238641,0.267734603099,0.255451398039,2013-06-30 12:00:00,107.37410594900001,111.3984331529552
72,1.77191828428,0.0,0.678557215541,0.189005444924,0.867562660465,0.189005444924,0.047162941267099995,0.0101601501881,0.319023623067,0.276992715543,0.234372193747,2013-06-30 13:00:00,6.943041359,11.5268020329462
73,1.76534571569,0.0,0.50400413802,0.141588550185,0.645592688205,0.141588550185,0.0513398386481,0.0110599629534,0.39768547199,0.271013629335,0.372010124558,2013-07-01 10:00:00,25.9318804157,30.2331090854695
74,1.8229954211400001,0.0,0.5796728935059999,0.161185056228,0.740857949735,0.161185056228,0.0513398386481,0.0110599629534,0.413557851125,0.271096660471,0.318439158206,2013-07-01 11:00:00,112.03817843,116.5695682782405
75,1.91923920151,0.0,0.704476739205,0.193388824564,0.8978655637690001,0.193388824564,0.0513398386481,0.0110599629534,0.398337606996,0.266529947967,0.277462281173,2013-07-01 12:00:00,109.113647182,114.02673597334949
76,1.9129993502200002,0.0,0.731450062728,0.210288392945,0.9417384556730001,0.210288392945,0.0513398386481,0.0110599629534,0.363033202508,0.275746404112,0.253437486328,2013-07-01 13:00:00,103.12555510600001,108.08693665506051
77,1.84146471189,0.0,0.598473360364,0.16201966544500002,0.760493025809,0.16201966544500002,0.0513398386481,0.0110599629534,0.413557851125,0.271096660471,0.317273372881,2013-07-02 11:00:00,100.466272735,105.0550708500315
78,1.9409138969599997,0.0,0.7244167854970001,0.19612701205400002,0.920543797551,0.19612701205400002,0.0513398386481,0.0110599629534,0.398337606996,0.266529947967,0.276458742846,2013-07-02 12:00:00,88.940616563,93.9224711665265
79,1.43642768583,0.0,0.335054519797,0.10034153564500001,0.435396055443,0.10034153564500001,0.0513398386481,0.0110599629534,0.361069091606,0.271096660471,0.289822076714,2013-07-03 11:00:00,95.74508464399999,99.13703360675248
80,1.46961573106,0.0,0.401569320996,0.119183125665,0.5207524466610001,0.119183125665,0.0513398386481,0.0110599629534,0.35052710090499994,0.266529947967,0.252762433922,2013-07-03 12:00:00,107.27595726500002,110.83848029944252
81,1.54327058912,0.0,0.492534515248,0.14453891951,0.637073434757,0.14453891951,0.0513398386481,0.0110599629534,0.319445169994,0.275746404112,0.23196177865200002,2013-07-03 13:00:00,19.096134329,22.947643861504503
82,1.1391522402,0.0,0.080764659024,0.0253546312194,0.106119290243,0.0253546312194,0.0513398386481,0.0110599629534,0.34676924270000004,0.271013629335,0.336206276323,2013-07-04 10:00:00,70.6627942954,73.0559286972653
83,1.16070047797,0.0,0.12248115881100001,0.038170503223199995,0.160651662034,0.038170503223199995,0.0513398386481,0.0110599629534,0.361069091606,0.271096660471,0.28883926226,2013-07-04 11:00:00,109.824376664,112.3279557851999
84,1.13019306038,0.0,0.13888047827,0.0432937470467,0.18217422531599997,0.0432937470467,0.0513398386481,0.0110599629534,0.35052710090499994,0.266529947967,0.251917984586,2013-07-04 12:00:00,105.921086429,108.3902965221189
85,1.18202064244,0.0,0.211728038675,0.06485333485230001,0.27658137352699996,0.06485333485230001,0.0513398386481,0.0110599629534,0.319445169994,0.275746404112,0.231203893206,2013-07-04 13:00:00,32.959995758,35.6488277512601
86,1.60986381195,0.0,0.474179436192,0.136585595472,0.6107650316650001,0.136585595472,0.0513398386481,0.0110599629534,0.361069091606,0.271096660471,0.287889226604,2013-07-05 11:00:00,95.74827846230001,99.6987127133335
87,1.6570060697100002,0.0,0.552301033877,0.15750284409499998,0.709803877972,0.15750284409499998,0.0513398386481,0.0110599629534,0.35052710090499994,0.266529947967,0.251101341265,2013-07-05 12:00:00,105.21545484500001,109.38012970648751
88,1.7464147686099998,0.0,0.65675510248,0.18495164348999998,0.841706745971,0.18495164348999998,0.0513398386481,0.0110599629534,0.319445169994,0.275746404112,0.230472646934,2013-07-05 13:00:00,8.514623542999999,13.017467469682499
89,1.3298194243600001,0.0,0.25271689359099997,0.0789252427167,0.331642136308,0.0789252427167,0.0513398386481,0.0110599629534,0.361069091606,0.271096660471,0.28696773437199996,2013-07-06 11:00:00,48.75463184870001,51.80819407644291
90,1.32458619082,0.0,0.288161725101,0.0900148948518,0.378176619953,0.0900148948518,0.0513398386481,0.0110599629534,0.35052710090499994,0.266529947967,0.250308720389,2013-07-06 12:00:00,105.167075777,108.26779567344009
91,1.28995580548,0.0,0.292908609463,0.0930493117371,0.3859579212,0.0930493117371,0.0513398386481,0.0110599629534,0.319445169994,0.275746404112,0.229762508574,2013-07-06 13:00:00,93.69470920900002,96.73698405289872
92,1.15526809114,0.0,0.09508168631160001,0.0304123173854,0.125494003697,0.0304123173854,0.0513398386481,0.0110599629534,0.34676924270000004,0.271013629335,0.332947413806,2013-07-07 10:00:00,71.5295579682,73.9793564715619
93,1.27109356116,0.0,0.207430251076,0.0663756033462,0.273805854422,0.0663756033462,0.0513398386481,0.0110599629534,0.361069091606,0.271096660471,0.286078153063,2013-07-07 11:00:00,108.72999716600002,111.59572174609193
94,1.29729651896,0.0,0.266376835061,0.08527407670289999,0.351650911764,0.08527407670289999,0.0513398386481,0.0110599629534,0.35052710090499994,0.266529947967,0.249544756723,2013-07-07 12:00:00,72.923084994,75.93795902038731
95,1.4586660159399998,0.0,0.267369541544,0.0803367219517,0.347706263495,0.0803367219517,0.0513398386481,0.0110599629534,0.39768547199,0.271013629335,0.36321684951899996,2013-07-08 10:00:00,15.318663014999998,18.6473940323279
96,1.48741559242,0.0,0.315757479148,0.0969632635549,0.412720742702,0.0969632635549,0.0513398386481,0.0110599629534,0.413557851125,0.271096660471,0.310996536523,2013-07-08 11:00:00,102.585096029,106.0529672201003
97,1.45632047428,0.0,0.336228898918,0.105125110461,0.441354009379,0.105125110461,0.0513398386481,0.0110599629534,0.398337606996,0.266529947967,0.27105510833700003,2013-07-08 12:00:00,98.60650280399999,102.04897887240048
98,1.42304006269,0.0,0.34714450771399996,0.110357671065,0.45750217877899996,0.110357671065,0.0513398386481,0.0110599629534,0.363033202508,0.275746404112,0.247714475687,2013-07-08 13:00:00,47.683334169999995,51.08063014522149
99,1.72388560882,0.0,0.507295741375,0.142817904615,0.65011364599,0.142817904615,0.0513398386481,0.0110599629534,0.413557851125,0.271096660471,0.310073649636,2013-07-09 11:00:00,53.0139160157,57.237974783948495
100,1.78253901148,0.0,0.597876470603,0.170489818691,0.768366289294,0.170489818691,0.0513398386481,0.0110599629534,0.398337606996,0.266529947967,0.270261365626,2013-07-09 12:00:00,64.80562549300001,69.29291562394951
101,1.3832392364700001,0.0,0.168172678462,0.05040513183130001,0.218577810293,0.05040513183130001,0.112305869658,0.024193663061199997,0.26990279840799997,0.311117668235,0.43049742681100006,2013-07-10 08:00:00,6.3148863639999995,9.3337037790608
102,1.7101143057100001,0.0,0.5583462333420001,0.156957104954,0.7153033382969999,0.156957104954,0.0513398386481,0.0110599629534,0.361069091606,0.271096660471,0.283601413734,2013-07-10 11:00:00,60.7560126201,65.0318576747695
103,1.8214801326599996,0.0,0.685285191909,0.19267821912799998,0.8779634110369999,0.19267821912799998,0.0513398386481,0.0110599629534,0.35052710090499994,0.266529947967,0.24741587114500002,2013-07-10 12:00:00,83.41495458100003,88.11191247648053
104,1.58343693903,0.0,0.457816376881,0.131571852527,0.589388229407,0.131571852527,0.0513398386481,0.0110599629534,0.361069091606,0.271096660471,0.282839155941,2013-07-11 11:00:00,66.99577562520001,70.86696558519151
105,1.6504932099599998,0.0,0.54963082716,0.158000969731,0.707631796892,0.158000969731,0.0513398386481,0.0110599629534,0.35052710090499994,0.266529947967,0.24676056259399998,2013-07-11 12:00:00,106.89839106,111.04836624654149
106,1.7972890134000001,0.0,0.6998129170340001,0.196659074195,0.8964719912289999,0.196659074195,0.0513398386481,0.0110599629534,0.319445169994,0.275746404112,0.22658164646499998,2013-07-11 13:00:00,20.69665013,25.3677152222255
107,1.2167184050700002,0.0,0.169667046593,0.0537333258829,0.223400372476,0.0537333258829,0.0513398386481,0.0110599629534,0.361069091606,0.271096660471,0.282108478919,2013-07-12 11:00:00,82.58735304999999,85.28127955850229
108,1.29888213918,0.0,0.27304085408900003,0.0836077560688,0.356648610158,0.0836077560688,0.0513398386481,0.0110599629534,0.35052710090499994,0.266529947967,0.246132678547,2013-07-12 12:00:00,96.550971548,99.57234819258511
109,1.5260290538999999,0.0,0.388709401419,0.11305019461100001,0.50175959603,0.11305019461100001,0.0513398386481,0.0110599629534,0.34676924270000004,0.271013629335,0.327442784233,2013-07-13 10:00:00,1.8677916607,5.518015559140499
110,1.51045281128,0.0,0.39734330916,0.120487119887,0.517830429048,0.120487119887,0.0513398386481,0.0110599629534,0.361069091606,0.271096660471,0.28141282854899996,2013-07-13 11:00:00,75.7903512246,79.4329303960895
111,1.5463360292500001,0.0,0.46397929445600006,0.140721332363,0.604700626819,0.140721332363,0.0513398386481,0.0110599629534,0.35052710090499994,0.266529947967,0.245534551956,2013-07-13 12:00:00,102.55719697660001,106.37864699428052
112,1.6954484165500001,0.0,0.6163353528159999,0.179394772849,0.7957301256649999,0.179394772849,0.0513398386481,0.0110599629534,0.319445169994,0.275746404112,0.22548291517400001,2013-07-13 13:00:00,1.7923056739999996,6.141683405610499
113,1.45709423833,0.0,0.334269968362,0.0993383226244,0.433608290986,0.0993383226244,0.0513398386481,0.0110599629534,0.34676924270000004,0.271013629335,0.326659273705,2013-07-14 10:00:00,73.52630418500001,76.95679527526832
114,1.50710504341,0.0,0.397073390816,0.118073170624,0.5151465614399999,0.118073170624,0.0513398386481,0.0110599629534,0.361069091606,0.271096660471,0.28074892829,2013-07-14 11:00:00,97.59445484,101.2252406588825
115,1.6052117294100001,0.0,0.514356686252,0.149790193504,0.664146879756,0.149790193504,0.0513398386481,0.0110599629534,0.35052710090499994,0.266529947967,0.244963999184,2013-07-14 12:00:00,88.056667659,92.0643841910835
116,1.65710047226,0.0,0.428304302966,0.124576663411,0.552880966377,0.124576663411,0.0513398386481,0.0110599629534,0.39768547199,0.271013629335,0.35647660295500005,2013-07-15 10:00:00,18.3463550488,22.3213696231065
117,1.71716874711,0.0,0.502077047552,0.14610152155099998,0.648178569102,0.14610152155099998,0.0513398386481,0.0110599629534,0.413557851125,0.271096660471,0.30529186481,2013-07-15 11:00:00,105.163605702,109.3755792868735
118,1.82381586745,0.0,0.633451375878,0.18030788507399997,0.813759260952,0.18030788507399997,0.0513398386481,0.0110599629534,0.398337606996,0.266529947967,0.26614524993,2013-07-15 12:00:00,105.693760879,110.3188157599225
119,1.9815412809900002,0.0,0.798339450078,0.22205031011300003,1.0203897601899998,0.22205031011300003,0.0513398386481,0.0110599629534,0.363033202508,0.275746404112,0.243328112575,2013-07-15 13:00:00,48.011051986999995,53.199930619280494
120,1.85102869092,0.0,0.611084244471,0.171622223824,0.782706468294,0.171622223824,0.0513398386481,0.0110599629534,0.413557851125,0.271096660471,0.304623909432,2013-07-16 11:00:00,56.4513679143,61.0911099882625
121,1.9134279750799998,0.0,0.705718875922,0.198227587476,0.903946463399,0.198227587476,0.0513398386481,0.0110599629534,0.398337606996,0.266529947967,0.26557015511599996,2013-07-16 12:00:00,98.385865104,103.2982511050335
122,1.8286414511900002,0.0,0.695783603841,0.193333653694,0.889117257534,0.193333653694,0.0513398386481,0.0110599629534,0.35052710090499994,0.266529947967,0.243423343185,2013-07-17 12:00:00,59.1656104062,63.888700219811504
123,1.9236051188999999,0.0,0.8027278021330001,0.223051832991,1.0257796351200001,0.223051832991,0.0513398386481,0.0110599629534,0.319445169994,0.275746404112,0.22359010807100002,2013-07-17 13:00:00,59.158240929,64.2376386349135
124,1.5637110218799999,0.0,0.418713618525,0.124252501163,0.542966119687,0.124252501163,0.0513398386481,0.0110599629534,0.34676924270000004,0.271013629335,0.323918228558,2013-07-18 10:00:00,13.083441105400002,16.861437770012504
125,1.67044344683,0.0,0.5284376458519999,0.152370278596,0.6808079244480001,0.152370278596,0.0513398386481,0.0110599629534,0.361069091606,0.271096660471,0.2784259687,2013-07-18 11:00:00,109.237707504,113.3951286007005
126,1.7968024576900001,0.0,0.669687398102,0.188046950737,0.857734348839,0.188046950737,0.0513398386481,0.0110599629534,0.35052710090499994,0.266529947967,0.24296725838199998,2013-07-18 12:00:00,93.3714436507,97.9941858656605
127,1.9222335186300001,0.0,0.8001254403620001,0.224691364842,1.0248168052,0.224691364842,0.0513398386481,0.0110599629534,0.319445169994,0.275746404112,0.223181337723,2013-07-18 13:00:00,22.206989953999997,27.284321161306497
128,1.89089889659,0.0,0.709661017759,0.192098823754,0.9017598415129999,0.192098823754,0.0513398386481,0.0110599629534,0.361069091606,0.271096660471,0.277929501394,2013-07-19 11:00:00,11.346376841400001,16.2053892998425
129,1.9907133369799999,0.0,0.827933510687,0.224138527845,1.0520720385299998,0.224138527845,0.0513398386481,0.0110599629534,0.35052710090499994,0.266529947967,0.24254044797200003,2013-07-19 12:00:00,109.123029855,114.3640230953325
130,2.18661667548,0.0,1.02008733271,0.269495149943,1.28958248265,0.269495149943,0.0513398386481,0.0110599629534,0.319445169994,0.275746404112,0.222798817122,2013-07-19 13:00:00,29.479406756,35.3950737395555
131,1.6802239664200003,0.0,0.540279123749,0.15169794256400002,0.691977066313,0.15169794256400002,0.0513398386481,0.0110599629534,0.361069091606,0.271096660471,0.277037346425,2013-07-21 11:00:00,35.5385382811,39.7260172228135
132,1.8439523198299999,0.0,0.7110348657819999,0.195042879725,0.9060777455069999,0.195042879725,0.0513398386481,0.0110599629534,0.35052710090499994,0.266529947967,0.24177372385200002,2013-07-21 12:00:00,101.095625708,105.8680069728945
133,1.9851383318,0.0,0.854397022245,0.23439466071999998,1.08879168296,0.23439466071999998,0.0513398386481,0.0110599629534,0.319445169994,0.275746404112,0.22211127313,2013-07-21 13:00:00,67.808847185,73.0856661922825
134,2.01869606177,0.0,0.85801182398,0.238475436672,1.09648726065,0.238475436672,0.0513398386481,0.0110599629534,0.333756918092,0.29127322662599997,0.21813485480300002,2013-07-22 14:00:00,61.6889296209,67.0446404417665
135,2.21220582534,0.0,0.9903153481029999,0.27525504073,1.2655703888299998,0.27525504073,0.0513398386481,0.0110599629534,0.33860371570200004,0.307464298231,0.22152362096900002,2013-07-22 15:00:00,88.56910048609998,94.51769356633649
136,2.1434800023,0.0,0.811428211409,0.25485479493700003,1.06628300635,0.25485479493700003,0.0545485720908,0.011751212676,0.379378049552,0.3636763776,0.25119878403499996,2013-07-22 16:00:00,35.360777663600004,40.952231469486804
137,1.6202136418900002,0.0,0.43154285116499996,0.123969814614,0.555512665779,0.123969814614,0.0513398386481,0.0110599629534,0.413557851125,0.271096660471,0.301002662916,2013-07-23 11:00:00,39.8091956019,43.7124613660755
138,1.7246242345099998,0.0,0.5592054620260001,0.15905432458,0.7182597866060001,0.15905432458,0.0513398386481,0.0110599629534,0.398337606996,0.266529947967,0.26245309134399997,2013-07-23 12:00:00,86.50288417800002,90.81280275821052
139,1.84296381747,0.0,0.6715748942640001,0.184222942339,0.855797836602,0.184222942339,0.0513398386481,0.0110599629534,0.361069091606,0.271096660471,0.275956427189,2013-07-24 11:00:00,42.3363610119,47.0456654257815
140,1.95910177086,0.0,0.8043593365970001,0.21779707751,1.02215641411,0.21779707751,0.0513398386481,0.0110599629534,0.35052710090499994,0.266529947967,0.240844506284,2013-07-24 12:00:00,103.65261388200001,108.7941269153445
141,2.03469003132,0.0,0.893942480451,0.245234390075,1.1391768705299998,0.245234390075,0.0513398386481,0.0110599629534,0.319445169994,0.275746404112,0.22127778508999998,2013-07-24 13:00:00,10.227087978,15.6642353012485
142,1.8389465610299998,0.0,0.668697094389,0.183375119719,0.8520722141079999,0.183375119719,0.0513398386481,0.0110599629534,0.361069091606,0.271096660471,0.275664793248,2013-07-25 11:00:00,33.057610604299995,37.75430706019149
143,1.8812009879700002,0.0,0.739156992975,0.205349381783,0.9445063747579999,0.205349381783,0.0513398386481,0.0110599629534,0.35052710090499994,0.266529947967,0.240593762738,2013-07-25 12:00:00,76.03793440799998,80.93354814048048
144,1.5496297143900002,0.0,0.435295497315,0.127717482456,0.563012979771,0.127717482456,0.0513398386481,0.0110599629534,0.361069091606,0.271096660471,0.275407180945,2013-07-26 11:00:00,48.29672425929999,52.070070150311494
145,1.6254537516999998,0.0,0.5338357394259999,0.15514477226600001,0.688980511691,0.15514477226600001,0.0513398386481,0.0110599629534,0.35052710090499994,0.266529947967,0.24037238953899998,2013-07-26 12:00:00,97.95421663799999,102.0326054253615
146,1.5508480384399999,0.0,0.438499647378,0.12595392812200001,0.5644535755,0.12595392812200001,0.0513398386481,0.0110599629534,0.361069091606,0.271096660471,0.27518490926600003,2013-07-27 11:00:00,79.03092659269998,82.80638617320649
147,1.41421689551,0.0,0.36296327335199996,0.11497178191099999,0.477935055262,0.11497178191099999,0.0513398386481,0.0110599629534,0.35052710090499994,0.266529947967,0.24018098977400001,2013-07-27 12:00:00,90.5444376418,93.94913426999351
148,1.3618129160899999,0.0,0.354004435913,0.11288981338199999,0.466894249295,0.11288981338199999,0.0513398386481,0.0110599629534,0.319445169994,0.275746404112,0.220683291089,2013-07-27 13:00:00,8.519952272000001,11.806718166858502
149,1.41721661019,0.0,0.330772610008,0.10023754306299999,0.431010153071,0.10023754306299999,0.0513398386481,0.0110599629534,0.361069091606,0.271096660471,0.274996903437,2013-07-28 11:00:00,101.7666003487,105.1156372652105
150,1.5286363551299997,0.0,0.457990937739,0.134524711096,0.5925156488350001,0.134524711096,0.0513398386481,0.0110599629534,0.35052710090499994,0.266529947967,0.240019855827,2013-07-28 12:00:00,104.54668697800003,108.31435604819653
151,1.62328567121,0.0,0.563108741812,0.16540229772099999,0.728511039534,0.16540229772099999,0.0513398386481,0.0110599629534,0.319445169994,0.275746404112,0.220539255966,2013-07-28 13:00:00,13.656419885,17.7802605646715
152,1.4376313971399999,0.0,0.290247090257,0.08429118324010001,0.374538273497,0.08429118324010001,0.0513398386481,0.0110599629534,0.413557851125,0.271096660471,0.299394810442,2013-07-29 11:00:00,69.04045043240001,72.35789868341371
153,1.51806942704,0.0,0.397610711786,0.115478409788,0.513089121574,0.115478409788,0.0513398386481,0.0110599629534,0.398337606996,0.266529947967,0.261068948899,2013-07-29 12:00:00,79.89268664720001,83.54074903263951
154,1.6115509180399998,0.0,0.507528874543,0.147405655414,0.654934529957,0.147405655414,0.0513398386481,0.0110599629534,0.363033202508,0.275746404112,0.238792979857,2013-07-29 13:00:00,98.39896929500001,102.40776731644651
155,1.75762153623,0.0,0.648456046666,0.188336461017,0.836792507683,0.188336461017,0.0513398386481,0.0110599629534,0.333756918092,0.29127322662599997,0.21675508222800002,2013-07-29 14:00:00,57.119583614,61.6433116551605
156,1.5802863663999998,0.0,0.400911847487,0.116413122071,0.517324969557,0.116413122071,0.0513398386481,0.0110599629534,0.413557851125,0.271096660471,0.29926308365,2013-07-30 11:00:00,97.12842145270001,100.9060882771335
157,1.67430702509,0.0,0.520181478781,0.149258643375,0.669440122156,0.149258643375,0.0513398386481,0.0110599629534,0.398337606996,0.266529947967,0.26095554636999996,2013-07-30 12:00:00,73.525212571,77.6758813867115
158,1.3955548075600002,0.0,0.35627924174500003,0.103459907329,0.459739149074,0.103459907329,0.0513398386481,0.0110599629534,0.35052710090499994,0.266529947967,0.239714808008,2013-07-31 12:00:00,33.1833063586,36.5209710301185
159,1.50930759809,0.0,0.477717130265,0.137089343636,0.6148064739010001,0.137089343636,0.0513398386481,0.0110599629534,0.319445169994,0.275746404112,0.22026574848400002,2013-07-31 13:00:00,106.79700086700001,110.55086788071951
160,1.6484330795,0.0,0.607205778443,0.17634642237,0.783552200812,0.17634642237,0.0513398386481,0.0110599629534,0.29463134591699996,0.29127322662599997,0.19993250454300002,2013-07-31 14:00:00,7.021856739,11.2619775211825
161,1.39389775912,0.0,0.285475013796,0.08466777231830001,0.370142786115,0.08466777231830001,0.0575360273073,0.012394786334799998,0.34676924270000004,0.271013629335,0.319397287328,2013-08-01 10:00:00,10.0385216375,13.264483714172702
162,1.42270582168,0.0,0.330450446395,0.0989206198673,0.429371066262,0.0989206198673,0.0575360273073,0.012394786334799998,0.361069091606,0.271096660471,0.274594189695,2013-08-01 11:00:00,109.55904082,112.91610014948571
163,1.50590823166,0.0,0.435977108923,0.126625955972,0.562603064895,0.126625955972,0.0575360273073,0.012394786334799998,0.35052710090499994,0.266529947967,0.239673304252,2013-08-01 12:00:00,105.782388554,109.4667900381881
164,1.6005617395700003,0.0,0.541333228812,0.157233288395,0.6985665172069999,0.157233288395,0.0575360273073,0.012394786334799998,0.319445169994,0.275746404112,0.22022883461999998,2013-08-01 13:00:00,46.530623785,50.570903069747104
165,1.7427230676099998,0.0,0.585197663676,0.164203383694,0.74940104737,0.164203383694,0.0575360273073,0.012394786334799998,0.361069091606,0.271096660471,0.274581454525,2013-08-02 11:00:00,51.162802747200004,55.5452093134881
166,1.84931874593,0.0,0.709121501614,0.196902779189,0.906024280803,0.196902779189,0.0575360273073,0.012394786334799998,0.35052710090499994,0.266529947967,0.239662602608,2013-08-02 12:00:00,107.68452862500001,112.4694491768471
167,1.9616185681599998,0.0,0.829340010051,0.230293384743,1.05963339479,0.230293384743,0.0575360273073,0.012394786334799998,0.319445169994,0.275746404112,0.22021878561500002,2013-08-02 13:00:00,54.420943392,59.617463307850095
168,1.5845967821899998,0.0,0.458183020967,0.133070595959,0.591253616926,0.133070595959,0.0575360273073,0.012394786334799998,0.361069091606,0.271096660471,0.27460259954599997,2013-08-03 11:00:00,89.7655550688,93.6424288460661
169,1.67740813942,0.0,0.570383824362,0.16371164466600002,0.7340954690279999,0.16371164466600002,0.0575360273073,0.012394786334799998,0.35052710090499994,0.266529947967,0.239680807876,2013-08-03 12:00:00,104.408491331,108.6444707235321
170,1.7284611666599998,0.0,0.639023104834,0.18743613439100001,0.8264592392260001,0.18743613439100001,0.0575360273073,0.012394786334799998,0.319445169994,0.275746404112,0.22023553968499998,2013-08-03 13:00:00,55.906756531999996,60.3609302389351
171,0.6492102091399999,0.0,0.11896696758099999,0.037627346551300005,0.156594314132,0.037627346551300005,0.061132021545400005,0.013169460588,0.06422747783289999,0.27915068070599997,0.0582922543357,2013-08-04 03:00:00,62.648131156299996,64.1241292352636
172,1.6978932523199999,0.0,0.547365315213,0.15712810893200002,0.7044934241449999,0.15712810893200002,0.0575360273073,0.012394786334799998,0.361069091606,0.271096660471,0.27465926246,2013-08-04 11:00:00,93.86661036890001,98.10737440662112
173,1.8060034365200002,0.0,0.671732521171,0.19090949397,0.862642015141,0.19090949397,0.0575360273073,0.012394786334799998,0.35052710090499994,0.266529947967,0.23972955886300001,2013-08-04 12:00:00,102.89169789999998,107.54061228214908
174,1.9442484094599999,0.0,0.813772825673,0.22843015896,1.04220298463,0.22843015896,0.0575360273073,0.012394786334799998,0.319445169994,0.275746404112,0.22027903707600002,2013-08-04 13:00:00,12.080152039,17.2226380015071
175,0.5512011980789999,0.0,0.0228888284953,0.00739521013651,0.030284038631799997,0.00739521013651,0.0608258998173,0.013103515564600002,0.0735359875481,0.269819763559,0.0869879929572,2013-09-12 04:00:00,0.0036729204379999996,1.1271105653633198
176,0.709405176998,0.0,0.0173834730596,0.005654978176779999,0.023038451236400005,0.005654978176779999,0.0651706120685,0.014039480104,0.0853631352956,0.301097170464,0.20405232783,2013-09-12 05:00:00,4.411093667833999,5.8419534512436595
177,1.1310647581,0.0,0.046310356749400004,0.015063885001999998,0.0613742417514,0.015063885001999998,0.121651799635,0.0262070242644,0.135604734988,0.347888171192,0.421694786268,2013-09-12 06:00:00,7.480280893851998,9.802204536804199
178,1.4738188755200001,0.0,0.0799177454318,0.0256526443115,0.10557038974300001,0.0256526443115,0.230269486415,0.0496061549106,0.208909382217,0.36965724639700004,0.47816221584,2013-09-12 07:00:00,23.293731193499998,26.3409479785974
179,1.4499277167700002,0.0,0.121511884355,0.0374491878854,0.158961072241,0.0374491878854,0.191167147854,0.0411824740563,0.269481251481,0.312523849786,0.459967921351,2013-09-12 08:00:00,53.7140184668,56.7936401604651
180,1.38593638425,0.0,0.189881999419,0.0568291821835,0.246711181603,0.0568291821835,0.09558357392689999,0.0205912370282,0.330413434083,0.265983068313,0.410009889297,2013-09-12 09:00:00,65.1961937149,68.2549628471871
181,1.5428869471899997,0.0,0.361401739023,0.103700990811,0.46510272983400003,0.103700990811,0.0738600206377,0.0159114108989,0.34638007307199997,0.27223854969300004,0.35275016305600004,2013-09-12 10:00:00,70.753791023,74.3917246380266
182,1.62794311322,0.0,0.45615328699100005,0.12957638429,0.585729671282,0.12957638429,0.0738600206377,0.0159114108989,0.36061507566,0.272321956112,0.302860978634,2013-09-12 11:00:00,4.004124046283001,7.958672328298601
183,1.9351320457499999,0.0,0.38155068012800003,0.120732954127,0.502283634255,0.120732954127,0.430126042838,0.0926605752077,0.216471390852,0.434797659176,0.242148743416,2013-09-12 22:00:00,0.083576154824,4.5602128347007
184,1.44576751716,0.0,0.277333816714,0.0883788349333,0.365712651647,0.0883788349333,0.299784834635,0.06458160470259999,0.146949064735,0.377831075402,0.174264286041,2013-09-12 23:00:00,0.080196180496,3.4091787013992
185,0.951746068688,0.0,0.180926150395,0.05811981568940001,0.23904596608399997,0.05811981568940001,0.152064729627,0.032758793202,0.09791605212210001,0.312523849786,0.100792677867,2013-09-13 00:00:00,32.648944573600005,34.8329584927499
186,0.729999368682,0.0,0.124249326282,0.03991677125259999,0.164166097535,0.03991677125259999,0.0912388696423,0.0196552724888,0.0834923761498,0.287752143518,0.06705060934830001,2013-09-13 01:00:00,5.8948250354,7.5422626415514005
187,0.687219903157,0.0,0.0,0.0,0.0,0.0,0.0651706120685,0.014039480104,0.0853631352956,0.301097170464,0.20490550522599998,2013-09-13 05:00:00,0.07000614763600001,1.4278019539511002
188,1.07162685925,0.0,0.0,0.0,0.0,0.0,0.121651799635,0.0262070242644,0.135604734988,0.347888171192,0.423631129168,2013-09-13 06:00:00,0.07789953431499999,2.2045092528124006
189,1.42874899043,0.0,0.04420147205180001,0.0142020701951,0.058403542247,0.0142020701951,0.230269486415,0.0496061549106,0.208909382217,0.36965724639700004,0.48025917823799996,2013-09-13 07:00:00,0.079677331117,2.9781369244135996
190,1.3954873344799998,0.0,0.0780120569238,0.0244721062162,0.10248416313999999,0.0244721062162,0.191167147854,0.0411824740563,0.269481251481,0.312523849786,0.46200444816299996,2013-09-13 08:00:00,0.081059986028,2.9823469243444993
191,1.3451281620700002,0.0,0.156671092674,0.047403020906300004,0.204074113581,0.047403020906300004,0.09558357392689999,0.0205912370282,0.330413434083,0.265983068313,0.41183873513499997,2013-09-13 09:00:00,0.6198712570039999,3.5449607156277
192,1.4572079675799998,0.0,0.292181074972,0.0856724734266,0.377853548398,0.0856724734266,0.0738600206377,0.0159114108989,0.34638007307199997,0.27223854969300004,0.35432036487499996,2013-09-13 10:00:00,0.077531532113,3.4388294890927997
193,1.55453897146,0.0,0.39600532146300005,0.114989516533,0.510994837996,0.114989516533,0.0738600206377,0.0159114108989,0.36061507566,0.272321956112,0.30419167016,2013-09-13 11:00:00,0.07899935646100001,3.7974176539146
194,1.68405037443,0.0,0.5398717837420001,0.15490617729599998,0.6947779610379999,0.15490617729599998,0.0738600206377,0.0159114108989,0.350008238641,0.267734603099,0.265114140117,2013-09-13 12:00:00,0.07863880305799999,4.2797796902536005
195,1.8420542768400001,0.0,0.698257938624,0.19833092243,0.896588861055,0.19833092243,0.0738600206377,0.0159114108989,0.319023623067,0.276992715543,0.243033645638,2013-09-13 13:00:00,0.076723904115,4.839108241278599
196,1.93946966026,0.0,0.795134973758,0.230882041966,1.0260170157200001,0.230882041966,0.0738600206377,0.0159114108989,0.294229243714,0.292589715786,0.220218253501,2013-09-13 14:00:00,0.077143121109,5.1963374993165985
197,2.10354612993,0.0,0.906115211817,0.257369412922,1.16348462474,0.257369412922,0.0738600206377,0.0159114108989,0.301025880583,0.30885396737599996,0.22376622570000002,2013-09-13 15:00:00,0.07770089344700001,5.689003190973601
198,2.27423080952,0.0,0.932484515548,0.26486283125599996,1.1973473468,0.26486283125599996,0.082549461073,0.01778334341,0.34261694473000004,0.36532011263999997,0.251969600865,2013-09-13 16:00:00,0.08094232372999999,6.0749701208280005
199,2.4807003329599997,0.0,0.878955258377,0.26065991669,1.13961517507,0.26065991669,0.121651799635,0.0262070242644,0.41894745864200006,0.443805552365,0.313829322988,2013-09-13 17:00:00,0.082968747546,6.428000505227401
200,2.48026139182,0.0,0.702470242928,0.220294298215,0.922764541143,0.220294298215,0.225924782131,0.0486701903713,0.382083699719,0.48183887916,0.372335299292,2013-09-13 18:00:00,0.08480524547,6.141742868464299
201,2.28487386541,0.0,0.433392298223,0.138098032086,0.571490330309,0.138098032086,0.4127472257,0.0889166998882,0.314732295471,0.497352472985,0.38299084106,2013-09-13 19:00:00,0.083369229225,5.346061322443199
202,2.53428805927,0.0,0.471615280816,0.15152096280400001,0.623136243621,0.15152096280400001,0.616948406742,0.132907067563,0.281807004861,0.514450788759,0.34839454772100004,2013-09-13 20:00:00,0.081409090985,5.907998415946
203,2.3238463661099997,0.0,0.404168870299,0.12989848487199998,0.534067355171,0.12989848487199998,0.573501363896,0.123547422169,0.266994745381,0.5024402645080001,0.30665121499000003,2013-09-13 21:00:00,0.08118701799100002,5.376201590259
204,1.79950001724,0.0,0.27538882766,0.0902902482618,0.36567907592200005,0.0902902482618,0.430126042838,0.0926605752077,0.216471390852,0.434797659176,0.243121273242,2013-09-13 22:00:00,0.080868931835,4.119194290496299
205,1.31094479051,0.0,0.173178708861,0.0570676846736,0.230246393535,0.0570676846736,0.299784834635,0.06458160470259999,0.146949064735,0.377831075402,0.1749078175,2013-09-13 23:00:00,0.077542155852,2.9701018150797993
206,0.8232588542370001,0.0,0.0829157238478,0.0273378748338,0.110253598682,0.0273378748338,0.152064729627,0.032758793202,0.09791605212210001,0.312523849786,0.101097830819,2013-09-14 00:00:00,0.071800350553,1.8392655325435001
207,0.603564124931,0.0,0.0282552080029,0.00932060819294,0.0375758161958,0.00932060819294,0.0912388696423,0.0196552724888,0.0834923761498,0.287752143518,0.0672056469365,2013-09-14 01:00:00,0.071579696698,1.3089603709489799
208,0.505215031802,0.0,0.0,0.0,0.0,0.0,0.0608258998173,0.013103515564600002,0.07168456696169999,0.284415886781,0.0585411626773,2013-09-14 02:00:00,0.07245171724999999,1.0662377808538999
209,0.496432407356,0.0,0.0,0.0,0.0,0.0,0.0608258998173,0.013103515564600002,0.0641951005342,0.280412378698,0.0612515127427,2013-09-14 03:00:00,0.07503973333300001,1.0512605480458
210,0.5218434715,0.0,0.0,0.0,0.0,0.0,0.0608258998173,0.013103515564600002,0.0735359875481,0.269819763559,0.08791430501049999,2013-09-14 04:00:00,0.07032828333199999,1.0973712263315
211,0.6884023058,0.0,0.0,0.0,0.0,0.0,0.0651706120685,0.014039480104,0.0853631352956,0.301097170464,0.20608790786800002,2013-09-14 05:00:00,0.005669152718,1.3658297643180999
212,1.3657601366799998,0.0,0.220207692714,0.0645969866892,0.284804679404,0.0645969866892,0.0738600206377,0.0159114108989,0.34638007307199997,0.27223854969300004,0.35592140297799996,2013-09-14 10:00:00,0.048852527873,3.113130467329
213,1.46618011382,0.0,0.32733285038000004,0.093946339771,0.421279190151,0.093946339771,0.0738600206377,0.0159114108989,0.36061507566,0.272321956112,0.305548460359,2013-09-14 11:00:00,0.074881170103,3.5058229276636004
214,1.5419859520200003,0.0,0.427416375438,0.12413106525,0.551547440688,0.12413106525,0.0738600206377,0.0159114108989,0.350008238641,0.267734603099,0.266280238056,2013-09-14 12:00:00,0.075658916672,3.8186653266506
215,1.6887969921200001,0.0,0.578067890803,0.164218476893,0.7422863676960001,0.164218476893,0.0738600206377,0.0159114108989,0.319023623067,0.276992715543,0.24407885428000003,2013-09-14 13:00:00,0.07647783006899998,4.3439326589005995
216,1.8691944174400001,0.0,0.745609333575,0.20920163515700002,0.954810968731,0.20920163515700002,0.0738600206377,0.0159114108989,0.294229243714,0.292589715786,0.22114905766999998,2013-09-14 14:00:00,0.077427448355,4.9631848871216
217,2.0098384984099997,0.0,0.8346548498999999,0.234181719096,1.0688365690000001,0.234181719096,0.0738600206377,0.0159114108989,0.301025880583,0.30885396737599996,0.224706649917,2013-09-14 15:00:00,0.079182560921,5.385233845835599
218,2.16525501251,0.0,0.844854595385,0.24244261991799998,1.0872972153,0.24244261991799998,0.082549461073,0.01778334341,0.34261694473000004,0.36532011263999997,0.253043935353,2013-09-14 16:00:00,0.082502206434,5.726108066671
219,2.41903586049,0.0,0.830327567145,0.24627463464299998,1.0766022017899999,0.24627463464299998,0.121651799635,0.0262070242644,0.41894745864200006,0.443805552365,0.315177823796,2013-09-14 17:00:00,0.08443355750199999,6.2287381149154
220,2.46326709353,0.0,0.689536176862,0.214642706074,0.9041788829359999,0.214642706074,0.225924782131,0.0486701903713,0.382083699719,0.48183887916,0.373926659216,2013-09-14 18:00:00,0.085468181354,6.084179957427299
221,2.4938515314900003,0.0,0.592816583107,0.18602808866,0.7788446717659999,0.18602808866,0.4127472257,0.0889166998882,0.314732295471,0.497352472985,0.38461416567900003,2013-09-14 19:00:00,0.084877335801,6.0208091592072
222,2.5712974854499997,0.0,0.499395133929,0.159272196949,0.658667330879,0.159272196949,0.616948406742,0.132907067563,0.281807004861,0.514450788759,0.34987288664899996,2013-09-14 20:00:00,0.08649286666599999,6.030383365396
223,2.34352517371,0.0,0.418822498631,0.133624666446,0.552447165076,0.133624666446,0.573501363896,0.123547422169,0.266994745381,0.5024402645080001,0.307950212682,2013-09-14 21:00:00,0.08802967385399998,5.444507852799
224,1.8524305048700003,0.0,0.315974599628,0.101642941967,0.41761754159500003,0.101642941967,0.430126042838,0.0926605752077,0.216471390852,0.434797659176,0.244113295196,2013-09-14 22:00:00,0.013164044872,4.2206415381687
225,1.39634115526,0.0,0.238771730519,0.0762138374528,0.314985567972,0.0762138374528,0.299784834635,0.06458160470259999,0.146949064735,0.377831075402,0.17556500781800002,2013-09-14 23:00:00,0.07053279279500001,3.2377705087441995
226,0.9260432230519999,0.0,0.16124805517100002,0.0514774783722,0.212725533543,0.0514774783722,0.152064729627,0.032758793202,0.09791605212210001,0.312523849786,0.10141026477199999,2013-09-15 00:00:00,0.085628616054,2.1852740740735
227,0.702755590892,0.0,0.103346014827,0.0332618864556,0.136607901283,0.0332618864556,0.0912388696423,0.0196552724888,0.0834923761498,0.287752143518,0.0673650278108,2013-09-15 01:00:00,0.059500291195,1.6182372607179
228,1.7561052002700002,0.0,0.2385293422,0.0735279296916,0.312057271892,0.0735279296916,0.230269486415,0.0496061549106,0.230070744137,0.36965724639700004,0.532800296516,2013-09-17 07:00:00,0.05674340059000001,3.9228950027108005
229,1.67946530602,0.0,0.22964519948000003,0.070793166017,0.300438365497,0.070793166017,0.191167147854,0.0411824740563,0.301918552373,0.312523849786,0.515590916453,2013-09-17 08:00:00,0.074815617085,3.7883337606383
230,1.5970751496000002,0.0,0.277576711114,0.084870287971,0.362446999085,0.084870287971,0.09558357392689999,0.0205912370282,0.37544449254900003,0.265983068313,0.46038177869999997,2013-09-17 09:00:00,0.07295956948999999,3.6977831557481
231,1.65786833579,0.0,0.374212619797,0.112056981984,0.486269601781,0.112056981984,0.0738600206377,0.0159114108989,0.397296302362,0.27223854969300004,0.395648450417,2013-09-17 10:00:00,0.075249965844,3.9726692211886006
232,1.7273577560099997,0.0,0.46041801507700003,0.13665226841199998,0.5970702834889999,0.13665226841199998,0.0738600206377,0.0159114108989,0.41310383517899996,0.272321956112,0.338446249695,2013-09-17 11:00:00,0.07592060574099999,4.2477146696635995
233,1.77227195023,0.0,0.542945152671,0.162673673649,0.70561882632,0.162673673649,0.0738600206377,0.0159114108989,0.397818744732,0.267734603099,0.294684344542,2013-09-17 12:00:00,0.075106426253,4.4712988266816
234,1.8453787075599999,0.0,0.639043812277,0.19149142050999998,0.8305352327869999,0.19149142050999998,0.0738600206377,0.0159114108989,0.36261165558200004,0.276992715543,0.268823672109,2013-09-17 13:00:00,0.072999860454,4.7691399288686
235,2.00118613895,0.0,0.790552885946,0.234726529925,1.02527941587,0.234726529925,0.0738600206377,0.0159114108989,0.333354815889,0.292589715786,0.243546759864,2013-09-17 14:00:00,0.073669878405,5.3194041020966
236,2.08390144678,0.0,0.83534978619,0.248046394185,1.0833961803799999,0.248046394185,0.0738600206377,0.0159114108989,0.338084853439,0.30885396737599996,0.24715101405200002,2013-09-17 15:00:00,0.074726044632,5.5573275127556006
237,2.18963050957,0.0,0.802568400657,0.245616057905,1.04818445856,0.245616057905,0.082549461073,0.01778334341,0.37853486397799996,0.36532011263999997,0.280614269906,2013-09-17 16:00:00,0.076948769848,5.733366305452001
238,2.43097289057,0.0,0.780564641961,0.238826346475,1.0193909884399999,0.238826346475,0.121651799635,0.0262070242644,0.454299388857,0.443805552365,0.348974137011,2013-09-17 17:00:00,0.080103233334,6.1836223493874005
239,2.59528417618,0.0,0.7321229324680001,0.225839842779,0.957962775247,0.225839842779,0.225924782131,0.0486701903713,0.416394015259,0.48183887916,0.417849534011,2013-09-17 18:00:00,0.08168374811000001,6.409410718495299
240,2.6736118539700002,0.0,0.669111183016,0.206351228763,0.8754624117799998,0.206351228763,0.4127472257,0.0889166998882,0.34897704966399995,0.497352472985,0.433511993956,2013-09-17 19:00:00,0.081495166667,6.493888515152199
241,2.8028149997500003,0.0,0.6184478715389999,0.190689389541,0.80913726108,0.190689389541,0.616948406742,0.132907067563,0.316662375189,0.514450788759,0.39606510041500004,2013-09-17 20:00:00,0.081473579375,6.670286229494001
242,2.60544726841,0.0,0.566775265171,0.17330194910500002,0.7400772142759999,0.17330194910500002,0.573501363896,0.123547422169,0.302601602849,0.5024402645080001,0.34663540071599996,2013-09-17 21:00:00,0.08265455261100002,6.190284252816
243,2.1254800242200003,0.0,0.483946650904,0.14796802769099998,0.631914678596,0.14796802769099998,0.430126042838,0.0926605752077,0.244764602777,0.434797659176,0.27457246563,2013-09-17 22:00:00,0.081191116666,5.0953898713967005
244,1.6371183204,0.0,0.399006947839,0.121994460645,0.521001408484,0.121994460645,0.299784834635,0.06458160470259999,0.162483910071,0.377831075402,0.194791487105,2013-09-17 23:00:00,0.014504736904,3.9150932468325994
